top100_sales_volume_position,BuyerOfficeName,transaction_count,total_sales_volume,median_close_price,median_price_per_sqft,average_days_on_market,median_days_on_market,average_price_ratio,average_original_price_ratio,average_listing_to_contract_days,average_contract_to_close_days,transaction_share_pct,sales_volume_share_pct,transaction_count_rank,sales_volume_rank
1,Compass,29594,53960900436.51,1337750.0,752.31,32.0,14.0,1.0549,1.5501,37.75,27.2,6.61473642,10.11658608,1,1
2,Coldwell Banker Realty,16222,27794207791.16,1199000.0,688.7,34.71,16.0,1.1398,1.3757,41.89,27.5,3.6258787,5.21085626,2,2
3,Keller Williams Realty,6899,8617385564.92,840000.0,533.76,34.73,17.0,1.3032,1.69,43.2,30.03,1.5420378,1.61558688,5,4
4,Real Broker,6747,6902957042.0,801000.0,543.48,33.25,17.0,1.0179,1.1525,43.66,30.06,1.50806334,1.29416593,6,5
5,Berkshire Hathaway HomeServices California Properties,4509,6788483713.87,985000.0,611.27,39.47,21.0,0.9969,1.1945,47.56,29.79,1.00783424,1.27270448,10,6
6,First Team Real Estate,5661,6182638286.5,900000.0,598.62,31.02,14.0,1.008,173.3451,42.31,30.47,1.26532482,1.15912062,8,8
7,Intero Real Estate Services,3880,6146244118.0,1335000.0,812.55,25.06,12.0,1.0374,1.0264,25.33,26.44,0.86724259,1.15229745,11,9
8,The Agency,2746,6140777123.0,1550000.0,764.5,38.51,19.0,1.0066,0.9973,44.05,29.13,0.6137753,1.15127249,16,10
9,eXp Realty of California Inc,5693,5974111930.9,835000.0,570.83,37.0,19.0,1.1792,1.1701,43.98,30.96,1.27247734,1.12002611,7,11
10,"eXp Realty of California, Inc.",5055,4939233376.93,730000.0,495.05,34.15,18.0,1.2098,1.4217,43.8,30.7,1.12987405,0.92600715,9,12
11,Coldwell Banker West,2632,4822457388.0,807000.0,537.18,28.29,14.0,2.1272,2.3913,36.98,29.92,0.58829446,0.904114,17,13
12,Redfin,3190,4306914005.0,1165000.0,701.38,29.41,15.0,1.0247,1.5746,33.61,26.81,0.71301646,0.80745996,14,14
13,Redfin Corporation,3638,4163151824.05,845000.0,540.76,36.43,20.0,1.2789,1.4941,44.96,28.84,0.81315169,0.78050743,12,15
14,Sotheby's International Realty,2085,4121781447.85,1395000.0,761.04,47.61,22.0,0.9937,0.9762,51.71,28.33,0.46603114,0.77275132,19,16
15,None MRML,2872,3993668809.88,643312.0,353.29,54.18,35.0,1.3705,1.3792,64.59,55.92,0.64193833,0.74873277,15,17
16,Equity Union,3625,3837146030.83,844777.0,475.65,46.7,29.0,0.9888,498.0471,53.89,26.43,0.81024598,0.71938789,13,18
17,Pacific Sotheby's Int'l Realty,1325,3255904342.35,1600000.0,772.57,37.69,17.0,0.9924,0.9767,49.54,28.29,0.29615888,0.61041673,33,19
18,Berkshire Hathaway HomeService,1581,3152909317.6,1101000.0,654.02,35.89,17.0,1.6193,1.6313,46.61,31.44,0.35337901,0.59110723,28,20
19,Christie's International Real Estate Sereno,1537,3147263834.15,1620000.0,929.86,25.26,10.0,1.0322,1.0213,26.89,24.77,0.3435443,0.59004882,29,21
20,Pinnacle Real Estate Group,2363,3025495422.24,985000.0,563.85,32.65,16.0,1.0098,5.196,41.65,32.54,0.52816862,0.56721968,18,22
21,Carolwood Estates,531,2735716438.0,2949000.0,1051.5,45.36,24.0,0.9803,0.9669,48.78,30.15,0.11868707,0.51289194,100,23
22,"Pinnacle Estate Properties, Inc.",1711,2634240656.35,875000.0,509.32,40.19,24.0,1.5838,1.573,46.44,28.16,0.3824361,0.49386727,25,24
23,Realty One Group West,1425,2586261003.0,955000.0,623.08,33.47,15.0,1.7079,9.4024,45.55,33.11,0.31851049,0.48487204,31,25
24,COMPASS,1895,2539960957.94,1110000.0,679.86,32.35,15.0,1.0428,1.0526,41.35,27.51,0.42356307,0.47619171,22,26
25,Rodeo Realty,1621,2417174294.0,1010000.0,594.41,37.63,20.0,1.0038,1.0012,43.74,30.59,0.36231965,0.45317168,27,27
26,KW Advisors,1366,2220920619.0,1330000.0,837.28,26.19,13.0,1.0394,1.6102,27.98,25.61,0.30532304,0.41637805,32,28
27,Seven Gables Real Estate,1753,2107162337.77,998500.0,633.02,30.31,12.0,1.0029,2.1328,43.3,30.12,0.39182378,0.39505066,24,29
28,Real Brokerage Technologies,1951,1868027957.0,765000.0,490.9,37.67,19.0,1.0056,1.4983,45.85,31.02,0.43607997,0.35021776,21,30
29,The Beverly Hills Estates,403,1721346670.5,2348525.0,958.69,52.68,29.0,0.9726,0.958,56.51,27.03,0.090077,0.32271796,138,31
30,"HomeSmart, Evergreen Realty",1629,1619861584.0,820000.0,574.98,34.01,16.0,1.0014,1.678,43.7,33.22,0.36410778,0.30369154,26,32
31,"Douglas Elliman of California, Inc.",732,1578208763.0,1399500.0,786.56,37.48,18.0,0.9907,0.9863,43.34,28.78,0.16361381,0.29588248,67,33
32,Keller Williams Thrive,833,1565817188.0,1680000.0,1047.62,17.13,8.0,1.0635,1.0597,17.37,25.56,0.18618894,0.2935593,57,34
33,"eXp Realty of Southern California, Inc.",1757,1551753909.0,730000.0,511.14,35.45,19.0,0.9972,0.9825,44.38,30.72,0.39271784,0.29092272,23,35
34,Century 21 Masters,2060,1520617663.0,660000.0,397.9,41.01,23.0,1.0019,1.008,50.93,35.34,0.46044323,0.2850853,20,36
35,Christie's International Real Estate SoCal,498,1476167623.0,1702500.0,850.74,48.5,25.0,0.9828,0.9635,52.42,29.42,0.11131103,0.27675181,109,37
36,Out of Area Office,1010,1453556675.0,980000.0,656.31,40.98,19.0,1.002,0.983,45.18,35.35,0.22575129,0.27251271,43,38
37,Estate Properties,861,1384214470.29,1343000.0,765.2,34.7,16.0,0.9979,0.9925,44.73,32.09,0.19244739,0.25951244,51,39
38,Non-Participant Office,580,1381002621.0,1358375.0,709.5,58.42,32.5,0.9811,0.9552,61.33,31.79,0.12963936,0.25891028,89,40
39,Douglas Elliman,534,1379205675.0,1755000.0,861.0,44.02,23.5,0.9918,0.9919,47.62,28.48,0.11935761,0.25857339,99,41
40,Keller Williams Realty Irvine,909,1378562102.4,1250000.0,676.63,30.77,17.0,1.0097,2.1093,41.92,28.88,0.20317616,0.25845273,46,42
41,Bennion Deville Homes,1428,1366247669.0,689000.0,370.09,65.26,51.0,0.9703,1.637,74.61,19.7,0.31918104,0.25614402,30,43
42,Keller Williams VIP Properties,447,1341328520.0,740000.0,454.49,35.68,19.0,3.2591,3.2463,43.68,33.27,0.09991171,0.25147218,122,44
43,"eXp Realty of California, Inc",1229,1296478809.0,790000.0,523.39,35.82,17.0,1.0035,0.9937,45.27,31.13,0.27470133,0.24306376,36,45
44,ROA California Inc,671,1279834640.0,700000.0,468.96,37.07,21.0,2.5283,17.0913,48.99,32.17,0.14997932,0.23994331,74,46
45,JohnHart Real Estate,1304,1273562903.26,851500.0,525.65,36.96,21.0,1.0101,1.7738,47.78,33.99,0.29146504,0.23876749,34,47
46,Pinnacle Estate Properties,1032,1250246526.0,940000.0,529.0,37.0,19.0,1.0072,1.0843,44.77,31.95,0.23066865,0.23439614,40,48
47,KW Bay Area Estates,678,1218403188.0,1520000.0,885.02,23.09,11.0,1.0373,1.0279,23.91,24.98,0.15154394,0.22842615,73,49
48,Maxreal,560,1198291205.0,1820000.0,1055.47,18.23,9.0,1.0619,1.0545,18.57,26.97,0.12516903,0.22465556,94,50
49,HomeSmart Realty West,1194,1135794195.0,799000.0,501.19,34.86,19.0,0.9953,0.9864,43.52,31.28,0.26687826,0.21293862,37,51
50,OUT OF AREA,1070,1121698064.4,770000.0,473.94,39.25,23.0,0.9957,0.9874,48.4,29.49,0.23916226,0.21029588,39,52
51,Golden Gate Sotheby's International Realty,459,1118455208.0,1850000.0,1041.09,24.72,11.0,1.0522,1.0387,25.0,22.98,0.1025939,0.20968791,120,53
52,Vista Sotheby’s International Realty,507,1107763246.75,1725000.0,910.91,31.95,13.0,1.0041,0.99,41.36,33.18,0.11332268,0.20768338,104,54
53,T.N.G. Real Estate Consultants,1092,1099586864.0,880000.0,569.36,30.85,13.0,1.0064,1.0091,41.16,31.08,0.24407962,0.20615047,38,55
54,Red Oak Realty,882,1093314141.0,1155500.0,746.4,23.39,14.0,1.1735,1.1679,24.62,20.48,0.19714123,0.20497446,49,56
55,Harvest Realty Development,667,1092652526.0,1320000.0,652.33,31.32,15.0,1.0083,1.0134,42.12,33.17,0.14908526,0.20485042,76,57
56,Keller Williams Beverly Hills,720,1092138891.0,1125000.0,699.71,41.48,24.0,0.9941,0.9881,46.37,34.31,0.16093162,0.20475413,68,58
57,MLSListing,1005,1080403702.0,868000.0,560.27,29.73,15.0,1.0388,1.0162,31.04,27.45,0.22463371,0.20255402,44,59
58,Acropolis Enterprise Inc.,71,1032758216.0,843000.0,605.88,24.62,10.0,15.0171,14.6702,30.14,28.83,0.01586965,0.19362144,769,60
59,Coldwell Banker,756,1018863500.0,1130000.0,619.59,29.45,14.0,1.0119,0.9975,31.04,24.78,0.1689782,0.19101646,64,61
60,Keller Williams Tri-Valley,699,1004432611.0,1275000.0,700.55,19.53,10.0,1.018,1.0084,20.28,25.1,0.15623778,0.18831096,71,62
61,KW Advisors East Bay,812,997080707.0,1077500.0,653.2,27.19,14.0,1.0962,2.4386,28.03,23.0,0.1814951,0.18693263,61,63
62,eXp Realty of California,1015,950823741.0,800000.0,556.7,30.75,16.0,1.024,1.0086,34.55,27.23,0.22686887,0.17826037,42,64
63,Century 21 Affiliated,1029,946177388.0,800000.0,507.96,29.01,14.0,1.0081,0.9964,37.69,30.76,0.2299981,0.17738927,41,65
64,RE/MAX One,855,926843444.0,873000.0,524.1,36.77,19.0,0.9992,0.983,43.14,31.44,0.19110629,0.17376455,52,66
65,Arbor Real Estate,307,924636811.0,1745000.0,907.54,39.18,16.0,0.9882,0.972,47.12,29.77,0.06861945,0.17335085,200,67
66,Elevate Real Estate Agency,607,908328057.0,615000.0,370.17,43.73,23.0,2.6191,2.5692,54.69,34.86,0.13567429,0.17029328,84,68
67,Century 21 Allstars,1257,893929315.0,670000.0,502.54,34.34,18.0,1.0087,1.8006,45.96,37.57,0.28095978,0.16759381,35,69
68,Barry Estates,167,862565524.0,4300000.0,1006.5,49.54,30.0,0.9575,0.9399,55.42,26.31,0.03732719,0.16171373,357,70
69,Coldwell Banker Country Realty,29,859601900.0,769000.0,465.0,26.17,10.0,35.46,35.4512,40.72,42.79,0.00648197,0.16115811,1632,71
70,REALTY ONE GROUP WEST - CORONA,18,808314503.0,556107.5,356.96,32.33,15.0,54.5593,52.9723,64.5,34.56,0.00402329,0.15154275,2437,72
71,eXp Realty of Greater Los Angeles,908,805486445.0,750000.0,502.94,41.88,21.0,1.0021,0.9932,50.92,34.43,0.20295265,0.15101255,47,73
72,"eXp Realty of Greater Los Angeles, Inc.",840,767011726.0,700000.0,452.97,40.11,21.0,1.0001,0.9852,50.12,35.9,0.18775355,0.14379931,54,74
73,Cabrillo Mortgage & Realty Svc,20,756216000.0,895000.0,414.33,32.0,15.0,51.287,50.2712,43.2,30.8,0.00447032,0.14177533,2220,75
74,RE/MAX Gold Coast REALTORS,813,750495902.86,807000.0,509.33,35.72,21.0,0.999,0.9887,46.51,26.03,0.18171862,0.14070292,60,76
75,"Circa Properties, Inc.",711,748588839.0,920000.0,578.38,27.7,12.0,1.0108,2.5862,38.0,31.14,0.15891997,0.14034539,70,77
76,Team Forss Realty Group,311,743929660.0,700000.0,349.12,40.19,22.0,4.1461,4.1291,50.26,31.4,0.06951352,0.13947188,199,78
77,Keller Williams,214,741602366.0,605000.0,372.49,38.81,18.5,5.6012,5.5862,42.99,27.01,0.04783245,0.13903556,287,79
78,Dudum Real Estate Group,537,736898517.0,1155000.0,633.24,26.24,12.0,1.0228,1.0126,27.36,23.01,0.12002816,0.13815369,98,80
79,Alliance Bay Realty,579,736232930.0,1139900.0,694.88,25.88,13.0,1.0212,1.0284,26.65,27.77,0.12941584,0.1380289,91,81
80,Premier Agency Real Estate Inc.,68,731927650.0,820000.0,559.08,29.99,14.0,14.0076,12.0788,37.29,28.88,0.0151991,0.13722175,793,82
81,Pacific Sotheby's International Realty,372,726256114.0,1371500.0,747.56,33.08,12.0,0.991,0.9774,41.63,27.5,0.083148,0.13615845,155,83
82,Westside Estate Agency Inc.,98,719577310.0,2962500.0,1013.65,58.65,31.5,0.955,0.9316,62.68,26.59,0.02190458,0.13490631,591,85
83,Vista Sotheby's International Realty,426,717351750.5,1324500.0,732.88,38.93,18.0,0.9942,2.7996,49.18,32.23,0.09521787,0.13448906,127,86
84,Carmel Realty Company,224,706570275.0,2662500.0,1088.16,58.93,16.5,0.9754,0.9462,60.39,33.81,0.05006761,0.13246775,277,87
85,Wetrust Realty,595,700043844.5,920000.0,544.19,39.4,20.0,0.9952,1811.7839,47.71,31.7,0.1329921,0.13124417,87,88
86,Non-member Office,305,699041090.0,826450.0,499.79,52.74,29.0,1.0097,0.9829,54.93,35.02,0.06817242,0.13105618,201,89
87,BQ Realty,363,698996769.0,1730000.0,1075.16,20.28,10.0,1.0537,1.0458,19.83,28.24,0.08113636,0.13104787,161,90
88,Luxury Collective,838,687990549.0,710000.0,489.49,40.78,24.0,1.0008,0.9828,48.03,37.23,0.18730652,0.12898442,55,91
89,Willis Allen Real Estate,392,681379542.0,1300500.0,753.06,28.65,16.0,0.9889,1.0004,38.49,27.8,0.08761832,0.12774499,142,92
90,Keller Williams Pacific Estate,743,678819936.0,825000.0,607.66,29.82,15.0,1.0208,1.0133,39.66,33.23,0.16607249,0.12726512,65,93
91,Allison James Estates & Homes,795,675837553.0,685000.0,366.55,44.07,22.0,0.9918,2.2036,55.21,32.27,0.17769533,0.12670598,62,94
92,RE/MAX Accord,633,665633250.0,850000.0,573.02,27.86,14.0,1.0099,0.9927,28.76,25.15,0.14148571,0.12479288,78,95
93,Pardee Properties,330,645380160.0,1556000.0,914.73,41.87,24.0,1.0001,27631.2815,45.75,30.07,0.07376032,0.12099583,180,96
94,San Diego Realty Pro,11,632289000.0,795000.0,595.16,43.27,31.0,88.9998,88.9802,51.0,23.82,0.00245868,0.1185415,3652,97
95,The GRUBB Company,356,631458314.0,1545000.0,796.99,21.38,13.0,1.1846,1.1771,21.86,20.56,0.07957174,0.11838576,167,98
96,Keller Williams Realty-Silicon Valley,387,629679504.0,1410000.0,872.76,24.07,11.0,1.053,1.0462,24.96,25.71,0.08650074,0.11805227,146,99
97,Keller Williams Palo Alto,285,623012564.0,1800000.0,1118.83,20.36,9.0,1.0609,1.0618,20.97,25.02,0.0637021,0.11680235,210,100
98,Circle Real Estate,841,622193108.0,695000.0,544.41,35.61,19.0,1.0208,1.0141,45.57,34.89,0.18797707,0.11664872,53,101
99,Deleon Realty,120,617814638.0,4300500.0,1690.38,30.45,9.0,1.0368,1.0285,29.89,22.8,0.02682194,0.11582785,513,102
100,Wells Estates,6,617528000.0,850000.0,645.23,34.33,20.0,158.2538,158.2485,38.17,27.17,0.0013411,0.11577411,5737,103
